{
  "controller/Calendar.controller.js": 1605275526407,
  "controller/Detail2.controller.js": 1605275526407,
  "test/unit/controller/View1.controller.js": 1605275526411,
  "test/integration/pages/View1.js": 1605275526411,
  "test/integration/pages/Common.js": 1605275526411,
  "test/unit/allTests.js": 1605275526411,
  "test/integration/navigationJourney.js": 1605275526411,
  "test/integration/AllJourneys.js": 1605275526411,
  "model/models.js": 1605275526411,
  "model/jspdf.min.js": 1605275526411,
  "model/grouper.js": 1605275526411,
  "model/formatter.js": 1605275526411,
  "model/GroupSortState.js": 1605275526411,
  "controller/PedidoPrint.controller.js": 1605275526407,
  "controller/Pedido.controller.js": 1605275526407,
  "controller/Master.controller.js": 1605275526407,
  "controller/ListSelector.js": 1605275526407,
  "controller/Home.controller.js": 1605275526407,
  "controller/Historico.controller.js": 1605275526407,
  "controller/Fornecedor.controller.js": 1605275720581,
  "controller/ErrorHandler.js": 1605275526407,
  "manifest.json": 1605288690681,
  "controller/Detail.controller.js": 1605275526407,
  "controller/Commod_Busca.controller.js": 1605275526407,
  "i18n/i18n.properties": 1605275526411,
  "controller/Busca.controller.js": 1605275526407,
  "controller/BaseController.js": 1605275526407,
  "Component.js": 1605275526407,
  "manifest-bundle.zip": 1605288688177,
  "Component-preload.js": 1605288689808,
  "controller/Fornecedor-dbg.controller.js": 1605275720581,
  "test/integration/pages/View1-dbg.js": 1605275526411,
  "test/integration/pages/Common-dbg.js": 1605275526411,
  "test/unit/allTests-dbg.js": 1605275526411,
  "test/integration/navigationJourney-dbg.js": 1605275526411,
  "test/integration/AllJourneys-dbg.js": 1605275526411,
  "model/models-dbg.js": 1605275526411,
  "model/jspdf.min-dbg.js": 1605275526411,
  "model/grouper-dbg.js": 1605275526411,
  "model/formatter-dbg.js": 1605275526411,
  "model/GroupSortState-dbg.js": 1605275526411,
  "controller/PedidoPrint-dbg.controller.js": 1605275526407,
  "controller/Pedido-dbg.controller.js": 1605275526407,
  "controller/Master-dbg.controller.js": 1605275526407,
  "controller/ListSelector-dbg.js": 1605275526407,
  "controller/Home-dbg.controller.js": 1605275526407,
  "controller/Historico-dbg.controller.js": 1605275526407,
  "test/unit/controller/View1-dbg.controller.js": 1605275526411,
  "controller/ErrorHandler-dbg.js": 1605275526407,
  "controller/Detail2-dbg.controller.js": 1605275526407,
  "controller/Detail-dbg.controller.js": 1605275526407,
  "controller/Commod_Busca-dbg.controller.js": 1605275526407,
  "controller/Calendar-dbg.controller.js": 1605275526407,
  "controller/Busca-dbg.controller.js": 1605275526407,
  "controller/BaseController-dbg.js": 1605275526407,
  "Component-dbg.js": 1605275526407,
  "resources.json": 1605288690690,
  "view/fragment/uf.fragment.xml": 1605275526415,
  "view/fragment/popoverEmail.fragment.xml": 1605275526415,
  "view/fragment/ped_criado.fragment.xml": 1605275526415,
  "view/fragment/lojasSum.fragment.xml": 1605275526415,
  "view/fragment/lojas.fragment.xml": 1605275526415,
  "view/fragment/lojaHistorico.fragment.xml": 1605275526415,
  "view/fragment/grupoLojas.fragment.xml": 1605275526415,
  "view/fragment/fornecedor.fragment.xml": 1605275526415,
  "view/fragment/fornecHistorico.fragment.xml": 1605275526415,
  "view/fragment/contrato.fragment.xml": 1605275526415,
  "view/fragment/comprador.fragment.xml": 1605275526415,
  "view/fragment/calendar_details.fragment.xml": 1605275526415,
  "view/fragment/calendar_create.fragment.xml": 1605275526415,
  "view/fragment/FilterColumn.fragment.xml": 1605275526415,
  "test/unit/unitTests.qunit.html": 1605275526411,
  "test/integration/opaTests.qunit.html": 1605275526411,
  "view/ViewSettingsDialog.fragment.xml": 1605275526415,
  "view/PedidoPrint.view.xml": 1605275526415,
  "view/Pedido1.view.xml": 1605275526415,
  "view/Pedido.view.xml": 1605275526415,
  "view/NotFound.view.xml": 1605275526415,
  "view/Master.view.xml": 1605275526415,
  "view/Home.view.xml": 1605275526415,
  "view/Historico.view.xml": 1605275526415,
  "view/Fornecedor.view.xml": 1605275526415,
  "view/DetailsAppointment.fragment.xml": 1605275526415,
  "view/DetailObjectNotFound.view.xml": 1605275526415,
  "view/DetailNoObjectsAvailable.view.xml": 1605275526415,
  "view/Detail2.view.xml": 1605275526415,
  "view/Detail.view.xml": 1605275526415,
  "view/Commod_Busca.view.xml": 1605275526415,
  "view/Calendar.view.xml": 1605275526415,
  "view/Busca.view.xml": 1605275526415,
  "localService/metadata.xml": 1605275526411,
  "img/background_cockpit.png": 1605275526411,
  "css/style.css": 1605275526407,
  "index.html": 1605275526411
}